<Schema name="odp" description="Open data Plugin" measuresCaption="METRICAS">
  <Dimension type="TimeDimension" visible="true" highCardinality="false" name="DIM_TEMPO" caption="Tempo">
    <Hierarchy visible="true" hasAll="true" primaryKey="tmp_sk">
      <Table name="dim_tempo" schema="dw">
      </Table>
      <Level name="ANO" visible="true" column="tmp_ano" type="String" uniqueMembers="false" levelType="TimeYears" hideMemberIf="Never" caption="Ano">
      </Level>
      <Level name="MES" visible="true" column="tmp_mes_num" type="String" uniqueMembers="false" levelType="TimeMonths" hideMemberIf="Never" caption="M&#234;s" captionColumn="tmp_mes_dsc">
      </Level>
      <Level name="COMPETENCIA" visible="true" column="tmp_anomes_num" type="String" uniqueMembers="false" levelType="TimeMonths" hideMemberIf="Never" caption="Compet&#234;ncia" captionColumn="tmp_competencia">
      </Level>
    </Hierarchy>
  </Dimension>
  <Dimension type="StandardDimension" visible="true" highCardinality="false" name="DIM_GEOGRAFIA" caption="Geografia">
    <Hierarchy visible="true" hasAll="true" primaryKey="geo_sk">
      <Table name="dim_geografia" schema="dw">
      </Table>
      <Level name="UF" visible="true" column="geo_uf_dsc" type="String" uniqueMembers="false" levelType="Regular" hideMemberIf="Never" caption="Estado">
      </Level>
      <Level name="MUNICIPIO" visible="true" column="geo_mun_dsc" type="String" uniqueMembers="false" levelType="Regular" hideMemberIf="Never" caption="Munic&#237;pio">
      </Level>
    </Hierarchy>
  </Dimension>
  <Cube name="FAT_BOLSA_FAMILIA_NORDESTE" caption="Bolsa Familia Nordeste" visible="true" cache="true" enabled="true">
    <Table name="fat_bolsa_familia" schema="dw">
    </Table>
    <DimensionUsage source="DIM_TEMPO" name="DIM_TEMPO" visible="true" foreignKey="tmp_sk" highCardinality="false">
    </DimensionUsage>
    <DimensionUsage source="DIM_GEOGRAFIA" name="DIM_GEOGRAFIA" visible="true" foreignKey="geo_sk" highCardinality="false">
    </DimensionUsage>
    <Measure name="QTD_HAB_RESID" column="qtd_hab_resid" datatype="Integer" formatString="###,###.##" aggregator="avg" caption="Media Hab. Municipio" visible="true">
    </Measure>
    <Measure name="VLR_REPASSADO" column="vlr_repassado" datatype="Numeric" formatString="$###,###.##" aggregator="sum" caption="Valor Repassado" visible="true">
    </Measure>
    <Measure name="QTD_FAMILIAS" column="qtd_familia" datatype="Integer" formatString="###,###.##" aggregator="sum" caption="Qtd. Familias" visible="true">
    </Measure>
    <Measure name="QTD_MUNICIPIO" column="geo_sk" datatype="Integer" formatString="###,###.##" aggregator="distinct-count" caption="Qtd. Municipios benef." visible="true">
    </Measure>
  </Cube>
</Schema>
